Description|Price|Rating|In_Stock|Sale
Guinness World Records 2023|$15.98|4.9|291|$29.95
Scented Candles Gifts Set 16 Pack Soy Wax Travel Tin Jar Candles for Home 2.5 OZ Aromatherapy Candles Gift for Mom for Christmas, Birthday, Thanksgiving, Mother's Day|$15.99|5.0|7|$29.99
The Thing|$8.97|4.9|9,004|$14.98
Garmin eTrex 10 Worldwide Handheld GPS Navigator|$135.00|4.3|5,551|$149.90
Where the Crawdads Sing|$9.98|4.8|366,649|$18.00
"New SteelSeries Arctis Nova 3 Multi-Platform Gaming Headset - Signature Arctis Sound - ClearCast Gen 2 Mic - PC, PS5/PS4, Xbox Series X|S, Switch, Mobile"|$74.99|4.4|49|$99.99
Nothing But the Blues|$68.99|4.7|705|$229.98
Difficult Riddles For Smart Kids: 300 Difficult Riddles And Brain Teasers Families Will Love (Books for Smart Kids)|$5.87|4.6|29,203|$6.99
"24pcs 2.36"" Christmas Balls Ornaments for Christmas Tree, Shatterproof Coloured Hanging Balls,Xmas Colorful Balls Decorations, Baubles Set with Hang Rope(Silver&White)"|$11.19|4.2|43|$15.99
Star Trek 10-Movie Stardate Collection (Blu-ray + Digital)|$40.49|4.8|6,512|$55.99
Diesel Men's 57mm Mr. Daddy 2.0 Quartz Stainless Steel and Leather Chronograph Watch|$216.00|4.3|661|$216.00
How to Catch a Mermaid|$4.60|4.8|30,536|$10.99
PALPOW JoyPad Controllers Compatible with Nintendo Switch/OLED/Lite,Switch Joycon Controller Support Wake-Up Function,Pair Left and Right Remote Controllers with Macro & Turbo Button-Turquoise(L)Purple(R)|$27.99|4.3|33|$39.99
Asia in Asia - Live at The Budokan, Tokyo, 1983 Deluxe|$53.94|4.4|190|$139.98
Balloon Garland Kit for Christmas Party, Black and Gold Balloon Arch Kit, 113Pcs Black, Red, Gold Confetti and Metal Latex Balloons and 2 Aluminum Film Balloon with 4pcs Tying Tool|$7.99|5.0|3|$13.99
Xanathar's Guide to Everything (Dungeons & Dragons)|$23.80|4.9|20,382|$49.95
Godzilla, the Showa-Era Films, 1954–1975 (The Criterion Collection) [Blu-ray]|$132.85|4.9|3,972|$224.95
cozoo RGB Headphone Stand with 2 USB2.0 Extension Charging Port Extender Cord,Headset Stand Holder for Gamer Desktop Table Game Earphone Accessories|$15.99|4.5|595|$22.99
Construction Site on Christmas Night: (Christmas Book for Kids, Children's Book, Holiday Picture Book) (Goodnight, Goodnight Construction Site)|$7.81|4.9|6,741|$16.99
Jasmine Crystal Chandelier|$115.56|4.1|43|$151.51
1MORE Quad Driver in-Ear Earphones Hi-Res High Fidelity Headphones Warm Bass, Spacious Reproduction, High Resolution, Mic in-Line Remote Smartphones/PC/Tablet - Silver/Gray|$134.55|4.3|2,997|$199.99
The Mummy Trilogy|$9.79|4.8|5,916|$14.98
Gymnastics Leotards for Girls Sparkly One-Piece Pro Kids Unitard Biketards with Shorts|$9.99|4.7|1,762|$9.99
Big Shot Diary of a Wimpy Kid Book 16|$7.19|4.9|21,450|$14.99
HORI PlayStation 5 Fighting Commander OCTA - Tournament Grade Fightpad for PS5, PS4, PC - Officially Licensed by Sony|$49.19|4.2|226|$59.99
Bc - White Christmas|$11.57|4.8|2,466|$13.98
A Bad Moms Christmas [DVD]|$6.99|4.6|15,167|$9.99
The Lord of the Rings Illustrated|$40.88|4.8|6,525|$75.00
Oxdigi Over The Door Towel Rack for Bathroom with 6 Hooks/Metal Towel Holder Wall Mounted/Behind The Door Towel Hanger for Shower Pool Kitchen Farmhouse/No Drill/Never Rust/Heavy Duty/Matt Black|$8.39|4.6|41|$11.99
Corsair Dark Core RGB Pro SE, Wireless FPS/MOBA Gaming Mouse with SLIPSTREAM Technology, Black, Backlit RGB LED, 18000 DPI, Optical, Qi wireless charging certified|$76.19|4.5|3,456|$99.99
Guess How Much I Love You|$4.62|4.9|9,356|$8.99
The Wolf of Wall Street (Blu-ray + DVD + Digital HD)|$7.27|4.7|82,453|$15.99
Finally Enough Love: 50 Number Ones|$13.69|4.7|1,603|$29.98
Sam Edelman Women's Garret Combat Boot|$134.95|4.4|33|$180.00
Solar Bird Feeder for Outdoors Hunging, Mousike Solar Metal Waterproof Outside Wild Bird Feeders,Cardinals Hummingbird Feeders, Garden Backyard Decoration,Gifts for Bird Lovers (7in)|$16.79|4.2|55|$32.99
Fizban's Treasury of Dragons (Dungeon & Dragons Book) (Dungeons & Dragons)|$29.56|4.8|6,823|$49.95
Corsair K60 RGB Pro SE Mechanical Gaming Keyboard - CHERRY Mechanical Keyswitches - Durable AluminumFrame - Customizable Per-Key RGB Backlighting - PBT Double-Shot Keycaps - Detachable Palm Rest,Black|$82.99|4.4|1,848|$109.99
Seinfeld: Complete Series Box Set (Repackage) – DVD|$70.97|4.7|4,546|$119.99
Dog Man: For Whom the Ball Rolls: From the Creator of Captain Underpants (Dog Man #7)|$6.43|4.9|23,983|$12.99
GACHISEA Dog Nail Grinder with 2 LED Lights Quiet Upgraded 3-Speed Electric Rechargeable Pet Nail Trimmer for Cats & Dogs Powerful Painless Paws Soft Grooming|$7.59|5.0|1|$12.99
Tissot Men's T-Race Chrono Quartz Stainless Steel Casual Watch Red T1154172705100|$396.84|4.7|224|$550.00
CD Album Box Set[10 CD]|$46.02|4.7|237|$99.98
JAKO-T1 Headset for PS4, Xbox One, Playstation 4, Surround Stereo Over Ear Headphones with LED Light Gaming Headset for PC, Notebook, ipad, MP4, Video Game with Flexible Microphone Volume Control.|$12.12|4.3|888|$19.99
Adrift: America in 100 Charts|$26.71|4.5|355|$35.00
Tudors: The Complete Series|$41.05|4.7|1,379|$52.99
Scotch Brand PRO Thermal Laminator, Never Jam Technology Automatically Prevents Misfed Items, 2 Roller System, 9 inch (TL906)|$55.29|4.7|11,124|$128.93
BS-MALL Makeup Sponge Set, Foundation Blending Beauty Sponge, Flawless for Liquid, Cream, and Powder, Multi-colored Makeup Sponges，10 Pcs with PVC Package|$6.99|4.6|30|$9.99
What Do You Do With an Idea? — New York Times best seller|$8.99|4.8|5,211|$16.95
Around The World In A Day|$18.39|4.8|1,227|$24.98
EPOS Audio Wired H3 Closed Acoustic Gaming Headset (Onyx Black)|$80.17|4.2|145|$99.00
How to Train Your Dragon: Homecoming [DVD]|$7.99|4.6|3,254|$14.98
Cloud Cuckoo Land: A Novel|$11.99|4.5|23,535|$20.00
512GB Micro SD Card with SD Adapter High Speed TF Card 512GB Class 10 Memory Card 512GB for Game Console,Android Smartphone,Digital Camera,Tablet and Drone|$14.39|4.0|1|$21.98
Tissot mens T-Race Stainless Steel Sport Watch Black & Khaki T1154273709100|$699.00|4.6|58|$1,295.00
Live At The El Mocambo[4 LP]|$64.25|4.8|1,522|$139.98
Where’s Waldo? The Ultimate Waldo Watcher Collection|$44.99|4.8|2,205|$49.99
Almost Famous [4K UHD]|$19.49|4.8|7,743|$25.99
Shurikey Saizo 75% Gaming Keyboard Wireless Wired Compact 80% TKL Mechanical Keyboard Retro Western Desert ABS Double Shot Keycap - Saizo 002 (Varmilo EC V2 Rose Switch)|$109.00|4.7|26|$159.00
PUSITI Flower Bouquet Building Kit 530 Pieces with DIY Vase Building Blocks Construction Bricks Eustoma Grandiflorum Lantana Rose Sunflower Lavender Eucalyptus Plastic Flowers Gift|$20.99|4.2|9|$29.99
The Young Adventurer's Collection [Dungeons & Dragons 4-Book Boxed Set]: Monsters & Creatures, Warriors & Weapons, Dungeons & Tombs, and Wizards & Spells (Dungeons & Dragons Young Adventurer's Guides)|$23.06|4.8|3,269|$32.99
Sperry Men's Core Avenue Duck Boot|$69.16|4.4|1,694|$120.00
The Last Kingdom: The Complete Series|$74.01|4.8|253|$99.99
Big Shark, Little Shark (Step into Reading)|$3.47|4.8|10,697|$4.99
IM NAYEON[NA ver.]|$21.21|4.8|451|$31.92
Montessori Toys for 2 3 4 Year Old Toddlers, 5 Wooden Reading Blocks and 60 Flash Cards, CVC Phonics Sight Word Learning Games for Kids, Spinning Alphabet Learning Toy for Preschool Boys Girls Gifts|$13.99|3.7|14|$19.99
Switch Bluetooth Adapter with PD Fast Charging, ID CHINSION Dual Bluetooth 5.0 Audio Transmitter for Nintendo Switch with Protective Case Compatible with Bluetooth Headphones|$12.49|4.1|40|$24.99
The Horse Encyclopedia|$23.27|4.8|2,568|$40.00
The Addams Family/Addams Family Values 2 Movie Collection|$7.90|4.8|7,867|$14.99
Cole Haan Men's Pinch Penny Slip-On Loafer|$107.33|4.3|2,201|$158.00
Snow Projector Lights, ALINKEY Xmas Snowflake Night Projection Lamp, IP65 Waterproof Outdoor LED Snow Spotlight for Halloween Holiday Party Home Decoration Garden Light Projector, with Remote Control|$20.99|4.1|23|$29.99
Encyclopedia Prehistorica Dinosaurs : The Definitive Pop-Up|$20.99|4.9|10,132|$44.99
Moving Pictures (40th Anniversary)[Super Deluxe 3CD/5LP/Blu-Ray]|$203.95|4.7|116|$299.98
SteelSeries Level Up Gaming Bundle|$63.11|4.6|232|$79.99
Vikings: The Complete Series (Blu-ray)|$88.01|4.7|204|$139.99
Llama Llama Red Pajama|$8.99|4.9|10,919|$18.99
OYATON Christmas Wooden Signs Table Decor Set with Glitter - Small Wood Joy To the World and Merry Christmas Sign for Christmas Table Top, Shelf, Tiered Tray, Mantel ,Home Decorations Indoor|$10.49|4.7|57|$14.99
"Space Jam: A New Legacy - Transforming Plush - 12"" LeBron James into a Soft Plush Basketball - Exclusive"|$10.68|4.7|1,325|$19.99
MARMOT Women's Chelsea Waterproof Down Rain Coat, Fill Power 700|$282.36|4.4|211|$380.00
National Audubon Society Field Guide to North American Mushrooms (National Audubon Society Field Guides)|$13.99|4.8|5,388|$26.00
Madman Across The Water 50th Anniversary [3CD/Blu-ray Super Deluxe Box Set]|$65.27|4.8|413|$89.98
MacGyver: Seasons 1-5 Collection|$41.43|4.7|132|$59.98
Skycarper Over The Door Pantry Organizer,Adjustable 8 Baskets Closet Rack Hanging Spice Space Saver,Black|$49.99|4.5|175|$49.99
The Summer I Turned Pretty (Summer I Turned Pretty, The)|$9.23|4.6|22,990|$11.99
Tissot Women's Le Locle Swiss Automatic Watch with Stainless Steel Strap, Gray, 14 (Model: T0062071105800)|$262.90|4.4|11|$630.00
The Bread Baker's Apprentice, 15th Anniversary Edition: Mastering the Art of Extraordinary Bread [A Baking Book]|$20.09|4.8|3,839|$40.00
Illumination Presents: 2-Movie Pack (Sing / The Secret Life of Pets)|$8.93|4.8|4,228|$8.93
The Original Recordings[2 LP]|$32.91|4.7|224|$45.99
Dog Slow Feeder Puzzle Feeder Toys Puppy Enrichment Toys Treat Dispenser for Memory Training, Non-Slip Bottom IQ Interactive Training Toy Box Interactive Puzzle Game Dog Toy for Large/Smart Dog|$13.92|5.0|5|$19.90
Project Hail Mary|$0.00|4.7|91,488|$29.95
MEQI Carrying Case for Nintendo Switch / OLED Model / Switch Lite, Protective Travel Carry Pouch with 20 Game Card Slots & Large Space Pocket for Travel & Holiday Gifts|$18.19|4.7|775|$25.99
Cole Haan Men's Tucker Venetian Slip-On Loafer|$76.12|4.4|5,155|$148.00
The Millionaire Next Door: The Surprising Secrets of America's Wealthy|$9.79|4.7|10,932|$17.95
ASUS TUF Gaming H3 Wireless (2.4 GHz Wireless, Virtual 7.1 Surround Sound, Lightweight, Discord Certified Microphone, USB-C, Compatible with Laptop, Smartphones, Nintendo Switch and Playstation 5)|$80.39|4.4|33|$99.99
MAP OF THE SOUL: 7 - THE JOURNEY Ver. A|$25.83|4.9|430|$44.98
Wheel of Time Premium Boxed Set I: Books 1-3 (The Eye of the World, The Great Hunt, The Dragon Reborn)|$13.11|4.8|4,908|$32.97
FJM Vacuum Bags Compatible with Miele FJM Bags AirClean 3D Efficiency Vacuum Cleaner, Include 6 Pair Pre-Motor and Post-Motor Filters|$18.89|||$26.99
Trolls Holiday [DVD]|$5.49|4.6|6,422|$9.99
The Silly Kids Joke Book: 500+ Hilarious Jokes That Will Make You Laugh Out Loud! (Books for Smart Kids)|$7.96|4.7|1,123|$9.99
ECCO Women's Soft Classic Bootie Sneaker|$89.79|4.4|376|$119.95
EPOS Sennheiser GSP 300 Gaming Headset with Noise-Cancelling Mic, Flip-to-Mute, Comfortable Memory Foam Ear Pads, Headphones for PC, Mac, Xbox One, PS4, Nintendo Switch, and Smartphone compatible.|$43.00|4.4|4,073|$79.00
Guts: A Graphic Novel|$5.90|4.8|12,352|$12.99
The Studio Albums 1996-2007|$147.98|4.7|482|$249.98
Lawn Mower Cover Waterproof Outdoor for Heavy Duty Push Mower Cover ／600D Waterproof Cover, UV Protection Universal Fit with Drawstring & Cover Storage Bag for Craftsman Husqvarna Toro|$11.89|||$16.99
Charmed: The Complete Series|$128.06|4.7|7,112|$149.99
Knowledge Encyclopedia Dinosaur!: Over 60 Prehistoric Creatures as You've Never Seen Them Before (Knowledge Encyclopedias)|$13.29|4.9|3,701|$24.99
Letton 2.4GHz Wireless Gaming Headsets with Detachable 3.5mm Jack Wired Over Ear Headphones for PC, PS5, PS4, Switch, Xbox One Series|$48.99|3.9|40|$69.99
Fear Inoculum (Limited Edition Vinyl)|$99.72|4.8|8,316|$169.98
Spyder Active Sports Men's Trigger Gore-TEX Ski Jacket|$205.91|4.5|53|$349.00
How Winston Delivered Christmas (1) (Alex T. Smith Advent Books)|$11.99|4.9|1,611|$17.99
The Fate of the Furious [Blu-ray]|$8.89|4.7|31,665|$14.98
Dzxouui for Pixel 7 Case, Google 7 Case with Glass Screen Protector, Women Girls Cute Clear Glitter Flowing Quicksand Reinforced Corners Soft TPU Phone Case Cover for Google Pixel 7 5G, Teal/Purple|$6.96|5.0|1|$9.95
The Stranger in the Lifeboat: A Novel|$14.99|4.6|22,400|$23.99
Wireless Gaming Keyboard and Mouse Combo,61 Key Rainbow Backlit Keyboard with Rechargeable 3800mAh,Mechanical Feel,Ergonomic,Quiet,Waterproof,RGB Mute Mice for PS4,Xbox One,Desktop,PC|$22.09|4.1|575|$35.99
Sony Extra Bass Bluetooth Headphones, Best Wireless Sports Earbuds with Mic/ Microphone, IPX4 Splashproof Stereo Comfort Gym Running Workout up to 8.5 hour battery, black|$57.89|4.2|2,244|$79.99
Live At The Roxy[2 LP]|$31.49|4.8|197|$45.99
Mortal Kombat Legends: Battle of the Realms (Blu-ray)|$7.10|4.5|2,600|$22.98
The Hotel Nantucket|$14.99|4.4|23,959|$29.00
American Flag Hats for Men Women, USA Patriots Gifts Adjustable Embroidered Cotton Distressed Baseball Cap|$7.69|4.7|31|$10.99
Qwecfly Gaming Keyboard RGB Wired Customized Backlit, 9 Dedicate Multimedia Keys, Full Size Keyboard with Ergonomic Wrist Rest, 26 Anti-ghosting Keys for PC, Laptop, Gamer|$19.54|4.3|109|$39.99
Mizuno Adult Women's Belted Low Rise Fastpitch Softball Pant|$40.96|4.6|6,325|$49.95
Good Eats: The Final Years (Good Eats, 4)|$18.79|4.8|1,076|$40.00
Shaun of the Dead / Hot Fuzz / The World's End Trilogy [Blu-ray]|$36.99|4.8|5,297|$59.98
Empyrean - Gold & Black Galaxy|$23.99|4.6|25|$32.98
Hard Luck (Diary of a Wimpy Kid #8)|$8.99|4.8|12,708|$14.99
Best Friend Gift for Women - Birthday Gifts for Women Friends - Friendship Christmas Gifts for Friends, Bff, Coworker, Sister, Women - Best Friend Tumbler 20oz|$18.19|5.0|3|$25.99
Cooler Master CK530 V2 Tenkeyless Gaming Mechanical Keyboard Red Switch with RGB Backlighting, On-The-Fly Controls, and Aluminum Top Plate|$47.25|4.4|54|$94.99
Unbroken: 2-Movie Collection [DVD]|$8.92|4.7|1,006|$14.98
Trials of Apollo, The 5-Book Paperback Boxed Set|$39.99|4.9|2,312|$49.95
Columbia Women's Hexbreaker Long Down Jacket|$239.30|4.5|448|$290.00
Queens of the Summer Hotel|$17.19|4.6|288|$29.98
Encyclopaedia Eorzea ~The World of Final Fantasy XIV~ Volume I|$34.49|4.9|335|$49.99
4 Kids Favorites: Scooby Doo! (DVD)|$9.99|4.8|1,170|$14.97
Gymnastics Leotards for Girls Sparkle Dance Unitard Biketard with Short Mermaid Rainbow Leopard Unicorn Tie Dye Pink Black|$9.99|4.7|616|$9.99
Rapthor 2800mAh Xbox One Rechargeable Battery Pack 2.4V Ni-MH Low Self Discharge for Xbox One/Xbox One S/Xbox One X/Xbox One Elite/Xbox Series S/X,Controller Batteries Pack with Charger|$13.99|5.0|1|$19.99
Station Eleven|$10.23|4.4|22,129|$16.95
TYR Women's Tyreco Solid Diamondback Swimsuit|$41.55|4.5|2,464|$69.99
Bloodmoon: I|$22.49|4.7|45|$27.98
Little Vampire, The (DVD)|$9.69|4.8|7,094|$14.97
Never Never (Villains, Book 9)|$12.60|4.8|794|$17.99
Daisy Darker: A Novel|$0.00|4.0|3,940|$17.92
Rapthor 2800mAh Xbox One Rechargeable Battery Pack 2.4V Ni-MH Low Self Discharge for Xbox One/Xbox One S/Xbox One X/Xbox One Elite/Xbox Series S/X,Controller Batteries Pack with Charger|$13.99|5.0|1|$19.99
Beverly Hills 90210: The Ultimate Collection|$90.82|4.7|665|$125.99
Dzxouui for Pixel 7 Case, Google 7 Case with Glass Screen Protector, Women Girls Cute Clear Glitter Flowing Quicksand Reinforced Corners Soft TPU Phone Case Cover for Google Pixel 7 5G, Teal/Purple|$6.96|5.0|1|$9.95
Saunders Comprehensive Review for the NCLEX-RN® Examination|$41.61|4.8|12,841|$41.61
Spyder Men's Leader Gore-tex Insulated Ski Jacket|$401.50|4.7|91|$500.00
Sixties Collected / Various Black|$40.44|5.0|2|$50.99
SteelSeries Apex 100 Gaming Keyboard - Tactile & Silent - Blue LED Backlit - Splash Resistant - Media Controls|$21.00|4.1|263|$29.99
Casper|$8.49|4.8|22,696|$14.98
Encyclopaedia Eorzea ~The World of Final Fantasy XIV~ Volume II|$38.99|4.9|327|$49.99
American Flag Hats for Men Women, USA Patriots Gifts Adjustable Embroidered Cotton Distressed Baseball Cap|$7.69|4.7|31|$10.99
Family of Liars: The Prequel to We Were Liars|$11.99|4.3|2,237|$19.99
Spyder Women's Standard Skyline Insulated Ski Jacket|$147.77|4.1|20|$279.00
Fancy Nancy: Budding Ballerina|$3.78|4.8|2,366|$4.99
Country Music - A Film by Ken Burns The Soundtrack|$49.53|4.8|569|$74.98
Aidjoin Retro Game Console,Built in 620 Classic Nostalgic Games, Plug and Play Video Game Console, AV Output, with Two Wired Controllers, Suitable for Gifts, Home, Party|$27.99|3.4|3|$39.99
Best Friend Gift for Women - Birthday Gifts for Women Friends - Friendship Christmas Gifts for Friends, Bff, Coworker, Sister, Women - Best Friend Tumbler 20oz|$18.19|5.0|3|$25.99
The Complete Cook’s Country TV Show Cookbook 15th Anniversary Edition Includes Season 15 Recipes: Every Recipe and Every Review from All Fifteen Seasons|$30.99|4.7|162|$40.00
Hill Street Blues: The Complete Series [DVD]|$67.41|4.5|100|$79.97
Sam Edelman Women's Kia Heeled Sandal|$100.62|3.9|13|$140.00
Wheel of Time Premium Boxed Set IV: Books 10-12 (Crossroads of Twilight, Knife of Dreams, The Gathering Storm)|$19.66|4.9|1,490|$32.97
Therapy|$15.39|4.7|792|$21.98
"Corsair HS55 Stereo Gaming Headset (Leatherette Memory Foam Ear Pads, Lightweight, Omni-Directional Microphone, PC, Mac, PS5/PS4, Xbox Series X | S, Nintendo Switch, Mobile Compatibility) White"|$49.99|3.7|15|$59.99
The Dinosaur Book|$12.79|4.9|3,105|$22.99
Hey Arnold: The Movie|$7.99|4.8|240|$19.99
Gymnastics Leotards for Girls Sparkle Dance Unitard Biketard with Short Mermaid Rainbow Leopard Unicorn Tie Dye Pink Black|$9.99|4.7|616|$9.99
Digital Photography Complete Course: Learn Everything You Need to Know in 20 Weeks|$24.47|4.7|5,476|$30.00
How to Babysit a Grandpa|$10.25|4.9|8,662|$17.99
Keychron K2 Version 2 Mechanical Keyboard Wireless/Wired, 75% Layout 84 Keys Bluetooth Keyboard with White Backlit, Double-Shot Keycaps, Hot-Swappable Gateron G Pro Blue Switch for Mac Windows|$62.99|4.7|5|$89.99
Columbia Women's Hillsdale Reversible Parka, Waterproof and Breathable|$183.86|4.4|57|$264.92
The Becoming: The Dragon Heart Legacy, Book 2|$11.99|4.7|20,253|$17.99
Leo Tube Carrying Case for VTech KidiZoom Smartwatch DX3, DX2, Little Tikes Tobi and Gizmo Watch, Protective Travel Case for Vtech Kidizoom Smartwatch Accessories (Case Only) (Purple)|$9.09|5.0|2|$12.99
Exposure|$31.49|4.6|379|$53.99
Trolls: Holiday in Harmony [DVD]|$7.49|4.7|396|$14.98
Narwhal's School of Awesomeness (A Narwhal and Jelly Book #6)|$7.99|4.9|1,142|$12.99
60% Mechanical Gaming Keyboard Mini 68 Keys Anti-Ghosting Wired Type C Chroma RGB 18 Backlit Effects,Lightweight Gaming Mosue 6400DPI Honeycomb Optical,Mouse Pad for PC Gamers(White/Red Switch)|$41.99|4.5|3,065|$59.99
Lucky Brand Women's Mid Rise Easy Rider Bootcut Jean|$58.56|4.0|1,062|$89.50
The Sea Monster Plush Toy, The Movie Sea Beast Hunter Figure, 10'' Blue Lantern Fish Cartoon Stuffed Doll Gift for Kids|$9.09|3.0|1|$12.99
The Milk Street Cookbook: The Definitive Guide to the New Home Cooking, Featuring Every Recipe from Every Episode of the TV Show, 2017-2023|$35.99|4.7|23|$45.00
Annie Hall [Blu-ray]|$9.48|4.5|2,205|$19.99
Live in the Seventies|$25.17|4.0|5|$29.98
Boards and Spreads: Shareable, Simple Arrangements for Every Meal|$16.99|4.3|55|$24.00
Gaming Keyboard and Mouse Combo,88 Keys Compact Rainbow Backlit Mechanical Feel Keyboard,RGB Backlit 6400 DPI Lightweight Gaming Mouse with Honeycomb Shell for Windows PC Gamers (White&Blue)|$20.29|4.4|648|$28.99
ECCO Women's Street Tray Luxury Slip-on Sneaker|$89.99|3.8|9|$179.95
VOOVEEYA Jeggings for Women High Waist, Leggings with Pockets Tummy Control Plus Size Stretchy Jeans Leggings 7/8|$27.99|4.1|502|$27.99
Star Wars Year By Year New Edition|$32.33|4.9|522|$40.00
The Dream Team|$9.29|4.7|2,146|$14.98
5SOS5|$11.98|4.7|21|$14.98
2 Pack Dust Filter Cover for Xbox Series X with Rubber Dust Plugs and Joystick Thumb Grips, YUANHOT Accessories Top Case Vent Dust Proof Filter Cover|$8.39|4.0|34|$11.99
TYR Men's Durafast Elite Solid Jammer Swimsuit, Black, 34|$36.07|4.7|265|$47.99
Goosebumps Retro Fear Set: Limited Edition Tin|$24.84|4.9|1,908|$29.99
"LFMU Mermaid Blanket, 50""x60"" Mermaid Throw Blanket, Flannel Fleece Blankets Soft Cozy Fuzzy Fluffy Blankets for Girls Kids Baby Women Birthday"|$13.99|3.5|2|$19.99
The Man Who Cried|$9.99|4.7|483|$14.98
Uni the Unicorn Uni's First Sleepover (Step into Reading)|$3.12|4.8|5,726|$4.99
SADES SA807 Gaming Headset Over Ear Gaming Headphones for Xbox one PS4 PC Laptop Mac|$9.09|3.9|10|$12.99
Sinnin' For You: The Albums 1969-1973|$39.72|4.9|37|$69.99
The School for Good and Evil: Now a Netflix Originals Movie (School for Good and Evil, 1)|$4.48|4.5|2,312|$8.99
"French Fries Food Flannel Blanket Cozy Soft and Fleece Throw Blankets for Adult Kids Couch Bed Sofa All Seasons Microfiber Decor Gifts 40""x30""for Pets"|$9.99|4.5|37|$19.99
The Witches (Keep Case Packaging)|$9.99|4.7|9,570|$14.97
ECCO Men's Citytray Lite Summer Penny Loafer|$159.95|4.2|5|$159.95
Dual Dock for PS5 Controller Charger Station, Upgrade Design for Playstation 5 Dualsense Controller Charging Station, Fast Charging Dock for PS5 Remote Control Charger-PS5 Accessories|$9.09|5.0|2|$12.99
Woodworking: The Complete Step-by-Step Manual|$30.98|4.8|1,452|$40.00
Better Mistakes|$16.60|4.7|374|$24.98
Downton Abbey (Movie, 2019) [Blu-ray]|$8.39|4.8|19,214|$19.98
LK Wireless Car Charger,15W Fast Qi Automatic Clamping Wireless Car Charger Mount Air Vent Phone Holder 7.5W Compatible with iPhone 14/14 Pro Max/14 Pro/13/12/11/XS/XR,10W for Galaxy S22/S21/S20|$17.49|4.3|986|$24.99
1,000 Places to See Before You Die (Deluxe Edition): The World as You've Never Seen It Before|$36.44|4.8|934|$60.00
Sam Edelman Women's Adaley Slides|$59.99|4.2|232|$120.00
EASARS Wireless Gaming Headset Bluetooth 5.3 Headset for Phone, Tablet, 40 Hour Battery Life, Lightweight Over Ear Headset, Built-in Microphone (USB Dongle Not Included)|$15.99|4.3|23|$29.99
Dune|$0.00|4.7|63,376|$34.90
Singles|$80.32|4.5|9|$109.98
Anne Klein Women's Leather Strap Watch|$25.52|4.5|3,783|$55.00
Boy Clothes Baby Toddler Boy Clothing Sweater Long Sleeve Hoodie Sweatsuit Top Ripped Jeans Long Pants 2 Piece Outfit Set|$33.98|4.6|1,401|$33.98
On Every Tide: The Making and Remaking of the Irish World|$28.49|3.8|8|$35.00
"SWEET SEAMS Disney Single Pack Bundle: The Nightmare Before Christmas - Sally & Alice in Wonderland 6"" Soft Rag Dolls and Playsets"|$16.79|4.6|340|$19.99
Game of Thrones: S8 (Blu-ray + Digital)|$32.49|4.8|14,536|$44.98
Evolutions in Bread: Artisan Pan Breads and Dutch-Oven Loaves at Home [A baking book]|$29.30|4.8|69|$35.00
TYR Men's Durafast Elite Solid Jammer Swimsuit, Black, 30|$37.20|4.4|184|$54.99
Eddie Piller Presents British Mod Sounds Of The 1960S / Various|$36.19|4.7|121|$53.99
Bob Wigs With Bangs Black Short Wavy Hair Wigs for Women Cosplay 14 Inch Medium Shoulder Length Natural Looking Heat Resistant Synthetic Wigs for Girls Soft Cute Daily Use Party Hair Replacement Wigs (mixed color)|$9.73|3.2|4|$13.90
Ghostwire: Tokyo Deluxe Edition - PlayStation 5|$52.99|4.7|180|$79.99
The Judge's List: A Novel|$0.00|4.5|73,321|$23.90
The King of Staten Island [Blu-ray]|$8.32|4.3|68,613|$22.98
Wild Symphony|$9.49|4.8|2,461|$19.99
The Who Sell Out 2 Singles|$89.46|4.9|594|$139.98
YoKii Boho Floral Cotton Throw Blanket with Fringes 51’’W x 63’’L, Colorful Vintage Bouquet Patterned Decorative Bed Couch Throw Blanket Bohemian Woven Knitted Tapestry Blanket for Women Girls|$13.29|||$18.99
ECCO Men's St.1 Hybrid Lite Brogue|$158.98|4.4|546|$179.95
Rogues: True Stories of Grifters, Killers, Rebels and Crooks|$0.00|4.3|812|$20.42
Last Man Standing / The Last Boy Scout (Action Double Feature) [Blu-ray]|$8.99|4.7|563|$14.98
60% Mechanical Gaming Keyboard and Mouse Combo RGB Backlight Ergonomic Anti-ghosting 68 Keys 6400DPI Silent Honeycomb Mice Type-C Wired for Computer Mac Gamer (Purple & Blue Switch LT)|$32.19|4.1|61|$45.99
The Captain Underpants Color Collection (Captain Underpants #1-3 Boxed Set)|$24.97|4.8|1,983|$29.97
WYHDY Girls’ Ballet Dance Leotard Butterfly Crisscross Straps Sleeveless Tank Leotards|$19.97|4.4|160|$19.97
Bloom incl.|$57.86|4.7|41|$79.99
Ancient Egypt: The Definitive Illustrated History|$19.99|4.8|310|$50.00
Barbie Presents Thumbelina|$5.99|4.7|866|$9.99
LK Wireless Car Charger,15W Fast Qi Automatic Clamping Wireless Car Charger Mount Air Vent Phone Holder 7.5W Compatible with iPhone 14/14 Pro Max/14 Pro/13/12/11/XS/XR,10W for Galaxy S22/S21/S20|$17.49|4.3|986|$24.99
Barbie Presents Thumbelina|$5.99|4.7|866|$9.99
EPOS I SENNHEISER GSP 500 Wired Open Acoustic Gaming Headset, Noise-Cancelling Microphone, Adjustable Headband with Customizable Contact Pressure, Volume Control, PC + Mac + Xbox + PS4, Pro –Black/Red|$107.81|4.3|758|$149.00
Burton Treeline Gore-Tex Snowboard Jacket Womens|$249.99|4.4|3|$374.95
The Story of Marvel Studios: The Making of the Marvel Cinematic Universe|$85.63|4.9|1,123|$150.00
Licked Live In NYC[White 3 LP]|$34.08|4.7|126|$72.98
Spawn|$9.99|4.6|5,129|$14.97
WWE Encyclopedia of Sports Entertainment New Edition|$34.49|4.8|952|$45.00
Boy Clothes Baby Toddler Boy Clothing Sweater Long Sleeve Hoodie Sweatsuit Top Ripped Jeans Long Pants 2 Piece Outfit Set|$33.98|4.6|1,401|$33.98
HEERTTOGO PS5 LED Light Strip for Playstation 5 Console & TV, Smart Light Strips with IR Remote, Music Sync Color Changing Lights for PS5 & TV, DIY Decoration Accessories with Flexible Tape & Zip Tie|$20.99|4.4|38|$29.99
Celebrating Home: A Time for Every Season|$37.49|4.5|81|$50.00
Wonder Woman: Bloodlines (Blu-ray)|$8.93|4.4|4,176|$18.94
Springsteen on Broadway|$61.28|4.8|2,382|$79.98
Bob Wigs With Bangs Black Short Wavy Hair Wigs for Women Cosplay 14 Inch Medium Shoulder Length Natural Looking Heat Resistant Synthetic Wigs for Girls Soft Cute Daily Use Party Hair Replacement Wigs (mixed color)|$9.73|3.2|4|$13.90
Lenovo Legion H500 PRO 7.1 Surround Sound Gaming Headset, Noise-Cancelling Mic, Memory Foam & PU Leather Earcups, Stainless Steel Headband, PC, PS4, Xbox One, Nintendo Switch, GXD0T69864, Black|$56.67|4.4|316|$99.99
Castle Rock Kitchen: Wicked Good Recipes from the World of Stephen King [A Cookbook]|$24.99|4.8|71|$35.00
Barbie in A Mermaid Tale|$7.77|4.6|1,886|$9.99
The Collection, Vol. 1|$149.32|4.5|168|$249.98
The Bad Guys in The Big Bad Wolf (The Bad Guys #9) (9)|$4.78|4.9|5,419|$5.99
YoKii Boho Floral Cotton Throw Blanket with Fringes 51’’W x 63’’L, Colorful Vintage Bouquet Patterned Decorative Bed Couch Throw Blanket Bohemian Woven Knitted Tapestry Blanket for Women Girls|$13.29|||$18.99
Columbia mens Bugaboo Ii Fleece Interchange Jacket|$144.01|4.7|8|$240.00
"OMEN Blast Headset | Gaming Headset with Retractable, Noise Canceling Microphone and 7.1 Surround Sound | Multi-Compatible Xbox One, PS4, and PC Headset | USB Headset | (1A858AA)"|$44.00|4.3|168|$79.99
I Can Not be Held Responsible for what my Face Does when you Talk: Coworker Notebook, Sarcastic Humor. (Funny Home Office Journal)|$5.73|4.7|312|$6.99
Unbroken [Blu-ray]|$8.43|4.7|15,950|$14.98
In The Country|$10.59|4.6|78|$13.98
My First Touch and Feel Picture Cards: Animals|$7.99|4.9|5,683|$9.99
WYHDY Girls’ Ballet Dance Leotard Butterfly Crisscross Straps Sleeveless Tank Leotards|$19.97|4.4|160|$19.97
AMVR Powerbank Fixing Bracket, Battery Holder for Meta Quest, Quest 2 or Vive Deluxe Audio Strap, Fixed on The VR Headset Strap or on The Waist, Compatibly Multiple Sizes Mobile Power ( with USB )|$12.49|4.5|671|$24.99
My First 100 STEAM Words Book Set from Baby University: Introduce Babies and Toddlers to Science, Technology, Engineering, Mathematics, Art and More! (My First STEAM Words)|$21.02|4.7|292|$34.95
Skyscraper [Blu-ray]|$7.65|4.5|16,384|$14.98
Diamond Star Halos[2 LP]|$28.55|4.7|2,529|$39.98
Columbia Womens Icelandite™ TurboDown™ Jacket|$287.00|4.2|42|$350.00
Dinosaurs and Prehistoric Life: The Definitive Visual Guide to Prehistoric Animals|$40.93|4.9|1,244|$50.00
2 Pack YMHML Case Compatible for Apple Watch Series 8 Series 7 Screen Protector 45mm, New Upgraded Face Cover Built-in Tempered Glass Film Hard PC Bumper Military Protection iWatch Accessories, Black|$5.99|||$9.99
Mechanical Gaming Keyboard Hot Swappable with Multi Monochromatic Backlight 104Key Anti-ghosting Ergonomic Metal Plate Multimedia Key USB Wired for PC Mac Gamer Office Typist(Purple White/Blue Switch)|$39.19|4.9|11|$59.99
Just Mercy (Blu-ray)|$8.33|4.7|240,780|$18.94
Fashion, New Edition: The Definitive Visual Guide (Smithsonian)|$36.73|4.8|859|$50.00
Entre eux deux[LP]|$17.29|4.4|147|$29.98
THEYFIRST Plant Watering Spikes, Plant Vacation Waterer Wine Bottle Watering Stakes Terracotta Plant Watering Devices Slow Release Self Watering Spikes for Indoor Outdoor Plant(10 pcs)|$14.62|4.5|15|$20.89
The Botanist's Sticker Anthology (DK Sticker Anthology)|$18.80|4.8|2,948|$24.99
Anivia True Mechanical Gaming Keyboard, Classic Wired USB Keyboard with Blue Switches, 87 Keys Waterproof Keyboard for PC Laptop PS4 PS5 Xbox, RGB Rainbow Red Backlit|$15.39|4.5|38|$21.99
Thomas & Friends: Thomas' Snowy Surprise & Other Adventures [DVD]|$6.49|4.6|177|$9.99
Spyder Women’s Transit Gore-Tex Infinium Down Parka – Full-Zip Hooded Winter Jacket|$395.60|4.1|19|$500.00
World War II: Visual Encyclopedia|$10.99|4.8|1,691|$16.99
Europe '72|$20.29|4.6|122|$24.98
Women's Yoga Outfit Seamless Workout Set High Waist Exercise Shorts Pants with Sport Bra 3PCS Tracksuit Gym Tracksuits|$35.99|4.4|274|$35.99
Mechanical Gaming Keyboard RGB LED Rainbow Backlit Wired Keyboard, Classic Black Compact 87 Key, Wired Keyboard for Windows Gaming PC (RGB Backlit Black)|$14.99|4.4|122|$29.99
